{"cameraMode":{"drawMode":0,"name":"Shaded","section":"Shading Mode"},"sceneLighting":false,"audioPlay":false,"sceneViewState":{"m_AlwaysRefresh":false,"showFog":true,"showSkybox":false,"showFlares":true,"showImageEffects":true,"showParticleSystems":true,"showVisualEffectGraphs":true,"m_FxEnabled":true},"in2DMode":false,"pivot":{"x":0.05474996566772461,"y":0.8168371915817261,"z":0.21684379875659944},"rotation":{"x":0.028361713513731958,"y":-0.967290461063385,"z":0.12547726929187776,"w":0.21863840520381928},"size":1.1191515922546387,"orthographic":false}