{"cameraMode":{"drawMode":0,"name":"Shaded","section":"Shading Mode"},"sceneLighting":false,"audioPlay":false,"sceneViewState":{"m_AlwaysRefresh":false,"showFog":true,"showSkybox":false,"showFlares":true,"showImageEffects":true,"showParticleSystems":true,"showVisualEffectGraphs":true,"m_FxEnabled":true},"in2DMode":false,"pivot":{"x":-0.2232208251953125,"y":1.1119561195373536,"z":9.148031234741211},"rotation":{"x":-0.02663245238363743,"y":0.22068123519420625,"z":-0.006028327159583569,"w":-0.974963903427124},"size":24.991918563842775,"orthographic":false}