{"cameraMode":{"drawMode":0,"name":"Shaded","section":"Shading Mode"},"sceneLighting":false,"audioPlay":false,"sceneViewState":{"m_AlwaysRefresh":false,"showFog":true,"showSkybox":false,"showFlares":true,"showImageEffects":true,"showParticleSystems":true,"showVisualEffectGraphs":true,"m_FxEnabled":true},"in2DMode":false,"pivot":{"x":1.1730003356933594,"y":3.9280080795288088,"z":1.3465778827667237},"rotation":{"x":0.12050436437129975,"y":0.10637298971414566,"z":-0.012991311028599739,"w":0.9869187474250794},"size":6.940245628356934,"orthographic":false}