{"cameraMode":{"drawMode":0,"name":"Shaded","section":"Shading Mode"},"sceneLighting":false,"audioPlay":false,"sceneViewState":{"m_AlwaysRefresh":false,"showFog":true,"showSkybox":false,"showFlares":true,"showImageEffects":true,"showParticleSystems":true,"showVisualEffectGraphs":true,"m_FxEnabled":true},"in2DMode":false,"pivot":{"x":0.0706196129322052,"y":0.807866632938385,"z":0.17554917931556703},"rotation":{"x":0.028361713513731958,"y":-0.967290461063385,"z":0.12547726929187776,"w":0.21863840520381928},"size":1.07695734500885,"orthographic":false}