{"cameraMode":{"drawMode":0,"name":"Shaded","section":"Shading Mode"},"sceneLighting":false,"audioPlay":false,"sceneViewState":{"m_AlwaysRefresh":false,"showFog":true,"showSkybox":false,"showFlares":true,"showImageEffects":true,"showParticleSystems":true,"showVisualEffectGraphs":true,"m_FxEnabled":true},"in2DMode":false,"pivot":{"x":0.02530258148908615,"y":0.7557835578918457,"z":1.6758079528808594},"rotation":{"x":0.00007185863796621561,"y":-0.9999372959136963,"z":-0.008999262005090714,"w":-0.007518997881561518},"size":1.2116751670837403,"orthographic":false}